seq_len,total_ms,routing,dispatch,nccl_fw,expert_compute,nccl_bw,combine
512,3.640890121459961,0.28732288122177124,0.4774496006965637,0.5031449615955352,1.700558078289032,0.20793920010328293,0.2537907215952873
1024,3.9425277709960938,0.28668224275112153,0.4921004807949066,0.7050816011428833,1.7488243174552918,0.3106131193041801,0.18059199988842012
2048,3.9205789566040035,0.28665919959545133,0.4932243221998215,0.5370508849620819,1.9171199917793273,0.23356031894683837,0.23458623975515366
4096,4.215784072875977,0.2884486383199692,0.5605689597129822,0.5392230439186096,2.08907968044281,0.302052481174469,0.22264383912086486
8192,5.217747688293457,0.2937356787919998,0.5652345609664917,0.705020798444748,2.791834244728088,0.3592755174636841,0.30541823863983153
